,count,mean,std,min,25%,50%,75%,max
BLACK_SCHOLES,99957.0,0.01996094480207431,0.5070745038611377,-9.458972166347378,-0.06186653406175468,0.06326053047546826,0.18855686053913423,20.15156936513369
HESTON,99957.0,0.020756565704048213,0.5019969915066899,-9.645969482564096,-0.07411175852005046,0.06294654475856366,0.18441163291181215,20.463492216886287
SVJ,99957.0,0.019342110872815666,0.4986764602447584,-9.648466904543735,-0.07683769549425112,0.06213000155493022,0.18411747559863353,20.458901209958047
SVCJ,99957.0,0.05649453657502462,0.5038190148891509,-9.585122479970362,-0.044133344707159135,0.09468584858694833,0.2178512717978442,20.58489712179334
MERTON,99957.0,0.03758582007770137,0.5056373425304007,-9.810761719817624,-0.06807686796497768,0.07894612010006857,0.19488648552146293,20.16558342957247
