,count,mean,std,min,25%,50%,75%,max
BLACK_SCHOLES,97031.0,0.013781305484970344,0.4369859829218549,-4.4529677520355255,-0.058043721634864875,0.00790489184875626,0.04308535414337157,8.74107537595643
HESTON,97031.0,0.01607753748526584,0.4362001140350252,-4.445639028331384,-0.06204353160008934,0.009853783846401764,0.06039523800710559,8.883988062668267
SVJ,97031.0,0.015032698823643921,0.42288491209868734,-4.454064210301553,-0.05554920490104004,0.007510428875155124,0.05705034442559846,8.8820242679592
SVCJ,97031.0,0.013015163235287489,0.4429720678679524,-4.458003799462429,-0.07313502139957015,0.005867881673302617,0.06604258712392021,9.693656484980638
MERTON,97031.0,0.018347324853204703,0.44468985762981417,-4.441943678201018,-0.06993687082061228,0.01662560642707977,0.08468153401140954,12.071061745129875
