ttm,moneyness,model_iv,market_iv,diff
0.019178082191780823,1.0570213701533808,0.798135087149653,0.8059999999999999,0.007864912850346961
0.0958904109589041,1.0540414055571874,0.7982064899308844,0.7628,0.035406489930884355
0.0958904109589041,1.1243060923336379,0.7982035984191486,0.7628,0.03540359841914853
0.3452054794520548,1.1086489864869546,0.798229709357262,0.7748999999999999,0.023329709357262085
0.3452054794520548,1.2470555632534295,0.7982289841657789,0.7855,0.012728984165778945
0.3452054794520548,1.3857651432950446,0.7982268303351152,0.8056,0.007373169664884771
0.5945205479452055,1.3665383942627252,0.7982354244518047,0.8057,0.00746457554819524
0.5945205479452055,1.6399805388976052,0.7982332572747087,0.826,0.027766742725291227
0.5945205479452055,1.912631015224543,0.7982295447371988,0.8559,0.057670455262801235
