ttm,moneyness,model_iv,market_iv,diff
0.09863013698630137,1.0747300076708854,0.7206892918825433,0.6661,0.054589291882543245
0.09863013698630137,1.1419006331503159,0.7206846296377356,0.6661,0.05458462963773558
0.17534246575342466,1.0080523219477184,0.720702035537607,0.7070000000000001,0.01370203553760696
0.17534246575342466,1.0751922242098346,0.7207021709182867,0.7077,0.013002170918286704
0.17534246575342466,1.209591252236064,0.720697926458132,0.7152,0.005497926458132074
0.4246575342465753,1.0645205931508746,0.7207150634936522,0.7497,0.028984936506347814
0.4246575342465753,1.330650741438593,0.7207135130735208,0.7689,0.0481864869264792
0.4246575342465753,1.5967808897263118,0.7207073996443614,0.7834,0.06269260035563862
