,count,mean,std,min,25%,50%,75%,max
BLACK_SCHOLES,97276.0,0.04827667941655206,0.6770579302605958,-5.774420549701397,-0.11587822458283778,0.005257965655482085,0.1901712486266842,5.8590709073732175
HESTON,97276.0,0.05295696436912841,0.6452000340994588,-5.803654027604938,-0.11838742369428217,0.004613332345034027,0.189003653320911,4.923628633679453
SVJ,97276.0,0.08814460707049669,0.7303366020544648,-5.316933318522106,-0.29438877863741064,-0.03287586418102706,0.3837737723936726,6.015692908926147
SVCJ,97276.0,0.05489987172600545,0.700173486822027,-5.797695837283031,-0.2422369635068416,-0.036956425024172776,0.2973782587962475,5.917175395095154
MERTON,97276.0,0.05240204520158164,0.6792005350048576,-5.7996882507432845,-0.1419993647439593,-0.003031489713480346,0.20251275257050597,5.862822112910852
