,count,mean,std,min,25%,50%,75%,max
HESTON,100000.0,-0.18647466013904457,1.7378925528522406,-16.716386244927193,-0.713740559898155,0.4259924081825808,0.9042917011952061,21.76469599587156
VARIANCE_GAMMA,100000.0,-0.18573903907208278,2.0003164648026095,-16.042129266320636,-0.7490053177514414,0.3916607269729268,1.1158673730511244,23.832483984853152
SVJ,100000.0,-0.1839290464593603,1.8340606144092466,-17.343485392877255,-0.7573365951540412,0.4326797419257121,0.9690826613737585,24.226987336547115
SVCJ,100000.0,-0.1853190146331922,1.8376055437909142,-16.563906099314504,-0.568416246201079,0.4428841021669308,0.9515507862491821,20.722882680278914
MERTON,100000.0,-0.36112727529381033,1.6212041258900616,-21.695610512577748,-1.2812226634067088,-0.01510984948572216,0.8194744391037139,11.085865028042463
