ttm,a,b,rho,m,sigma,penalty
0.00821917808219178,0.0031858300278488605,0.032249084680851935,0.31069877640400695,0.056296823843324455,0.04907098692496439,0.08597456060656075
0.0273972602739726,0.0017943684124288135,0.04790953392741431,0.10692017131322923,0.020575216763117313,0.33391251943345746,0.02073112682879481
0.06575342465753424,0.019831422934030302,0.07167947762202861,-0.015515717182130346,0.04974997275666225,0.33709561863563337,0.06406912179651457
0.14246575342465753,0.08713978698321224,0.030344400213804117,-0.4501769072837984,-0.25763850808568645,0.23062233785972727,0.01349166667132946
0.3150684931506849,0.12156567337044659,0.15439661926864812,-0.4129358873789125,-0.5025495008536559,0.5352898050185,0.03683610800841168
0.5643835616438356,0.30580410633062527,0.08884033976373756,0.16653630558974572,-0.12569411408262113,0.8941877897025192,0.013529547418333825
