ttm,a,b,rho,m,sigma,penalty
0.0027397260273972603,2.4998117095319403e-05,0.01,0.009035911242442216,-4.5180153320186155e-05,0.3911018779782288,0.03061894856303037
0.021917808219178082,0.024615093659118206,0.023043043120483556,-0.29875671730074044,-0.11064918733089749,0.09245546563683348,0.019361075036199743
0.0410958904109589,0.03863087418071822,0.03741446657500757,-0.13234255082929366,-0.09418309890274108,0.171963797750004,0.020030775002760945
0.2136986301369863,0.18920834822145663,0.0811188411644261,-0.02252274172327795,-0.11720895265082885,0.2688474250397365,0.056267952575585756
0.46301369863013697,0.3088540623522097,0.18085425012136266,-0.21177883077630186,-0.4338683826784506,0.7896144397577133,0.019424574832508302
