ttm,a,b,rho,m,sigma,penalty
0.010958904109589041,0.0002965405171230224,0.03469930477428694,-0.12219692965740503,0.002120359774262011,0.24134603172519678,0.011787879129007233
0.030136986301369864,0.005925261226866766,0.06020525479610485,0.12298429673871798,0.0707321881895955,0.33333541511483294,0.023524455645107575
0.10684931506849316,0.0776410987679767,0.06723151702920686,-0.10924734678248771,-0.010055509043114214,0.18201133803538203,0.06669448988710153
0.3561643835616438,0.16617229196218947,0.18744749985112708,-0.35178714820752616,-0.5921952546129686,0.6760013626741002,0.026845256656132105
