ttm,a,b,rho,m,sigma,penalty
0.010958904109589041,0.005926670802024612,0.04039899519673646,-0.44458704146545525,-0.0869607897010917,0.19940171566393652,0.0205950125870427
0.030136986301369864,0.026377327765874373,0.03576987568029893,-0.2134241666240565,-0.09450724014677413,0.12946780359398774,0.021015159735720122
0.0684931506849315,0.04440294049544478,0.08634883477308197,-0.5,-0.31040345895659166,0.31396343123108944,0.018497181233527983
0.14520547945205478,0.12307990045853305,0.08541332273188175,-0.46637194705764073,-0.28558698462167337,0.19064751360581417,0.06652980788349527
0.39452054794520547,0.24327042469248467,0.2130841557717002,-0.4999999999999999,-0.6806834041167955,0.6661265250132511,0.0399454428184005
