ttm,a,b,rho,m,sigma,penalty
0.0027397260273972603,0.002531681827812386,0.012695917158064082,0.2627996162258077,0.03755276365207979,0.01432151417077286,0.10284784065325855
0.021917808219178082,0.0031192650130923926,0.06963389316530004,-0.06228644788574723,0.0314421647158603,0.16684618848251317,0.039080948958995616
0.07945205479452055,0.006595669522065635,0.08950962756511899,-0.15724088341342923,-0.03776090007557842,0.5183497433817474,0.018408613789670222
0.25205479452054796,0.04620076968885542,0.16310019449224558,-0.21258024107679416,-0.18404164165863865,0.6535781810837551,0.037597827450759104
0.5013698630136987,0.1216626748702461,0.18972942947592755,-0.2575654686448293,-0.4499121061014752,1.0,0.01057305765877389
