ttm,a,b,rho,m,sigma,penalty
0.0136986301369863,0.013441978952337136,0.02479022995902525,-0.2802021666679817,-0.0373997747691379,0.03212993840524584,0.08217706808808257
0.03287671232876712,0.022599084671545203,0.0500701228398996,-0.1888617810534248,-0.14308142379454233,0.24223247956947258,0.02813867497252067
0.2054794520547945,0.1425258013562123,0.11922106726045852,-0.23928004143309164,-0.31623228463638325,0.4117205442538072,0.057796628393516125
0.4547945205479452,0.26803481445229144,0.22812493638235415,-0.4328244942477052,-0.73775186004646,0.7110135163034554,0.031166565602831743
