ttm,a,b,rho,m,sigma,penalty
0.005479452054794521,0.001086524607581073,0.024233136237426633,0.021852255324093448,0.01485622577616204,0.021262754097717895,0.05191648849645603
0.024657534246575342,0.0027099276996480756,0.04403968533711413,0.12067470479552071,0.04256724224596488,0.11377459562391137,0.008801635090672593
0.10136986301369863,0.005426209584035222,0.08445775569581966,0.018175612775756477,0.04159257156576304,0.3353432454705166,0.005308814797310718
0.1780821917808219,0.007341601921121143,0.14958974561234178,-0.05712689693261464,-0.006830247887240083,0.33041706748626776,0.01931408797728249
0.4273972602739726,0.04502480332722866,0.1973083277007755,-0.1289982361919575,-0.1462568574832335,0.5908437566547743,0.008547699924057102
0.6767123287671233,0.08451390443154061,0.23311835000190875,0.27036161463873265,0.2109340529712664,0.7822905001734386,0.005698592865846628
