ttm,a,b,rho,m,sigma,penalty
0.010958904109589041,0.0016513570907898652,0.04484843868434875,0.13656260789561547,0.019651334402992278,0.024752488635347594,0.13852329345216582
0.030136986301369864,0.0038458847701194417,0.06331608463562005,-0.28907132880269454,-0.02670105839606325,0.08634333220540413,0.01114833354672743
0.10684931506849316,0.004107845066823491,0.12926434466627137,-0.13309216363592627,0.008620388963103338,0.3122907892353693,0.009532380806414898
0.18356164383561643,0.05623087959091109,0.1424380439920837,0.08412375372207048,0.15947196393298607,0.23296132633028566,0.051973092409836545
0.4328767123287671,0.13999130059923598,0.19249729136762891,0.4387115260279565,0.43590479894815987,0.6547304384542872,0.012608280526885058
