ttm,a,b,rho,m,sigma,penalty
0.00821917808219178,0.0027311847040450018,0.047654401236404395,-0.47801378754061624,-0.021162625776248313,0.010000000007374171,1.8294643425082662
0.0273972602739726,0.00201344267024386,0.06861645593083378,-0.16187953097311358,-0.005316189482998941,0.14691216663773532,0.014726716789401142
0.08493150684931507,0.023856978220028698,0.09605021316848177,-0.4659780169866813,-0.13418413500014828,0.22357544800720983,0.006840006242948502
0.25753424657534246,0.09653435055539558,0.11741149167044664,-0.261549932190865,-0.09274155028335675,0.3611451187036944,0.032296044796417754
0.5068493150684932,0.15971027107857586,0.1926900431399372,-0.41483116913174206,-0.5173505652023024,0.7760190313397787,0.0042086922016403416
