ttm,a,b,rho,m,sigma,penalty
0.010958904109589041,0.0023775283274669098,0.03560974770951447,0.10871728598594438,0.0440676907759271,0.023815165663992277,0.09849688881213932
0.030136986301369864,0.005397316401272078,0.06374843828732793,0.1357404693738793,0.05644045153964332,0.06647467962973212,0.03678116781977893
0.12602739726027398,0.010212782717459895,0.1423090657927233,-0.07121872079677077,0.04418800292825277,0.3640236809682375,0.008122638917281681
0.20273972602739726,0.08758612927949239,0.12845182558158252,0.10495786972608112,0.1957245535662327,0.19727852117415784,0.0630274200069653
0.4520547945205479,0.08825112610053519,0.259235705058035,0.11696542280840844,0.2320068212778626,0.803390162834894,0.008958611909400385
