ttm,a,b,rho,m,sigma,penalty
0.010958904109589041,0.0020714104639215367,0.034941622359227376,0.2514576129067396,0.03643709336483649,0.03549367156528673,0.04644351174360408
0.030136986301369864,0.0028449027785740666,0.05625628539065137,-0.09679500156476367,-0.013007251742057569,0.126019716385672,0.02576140656595692
0.0684931506849315,0.004034152063290988,0.09904335356114707,0.027731249642561854,0.014168159849762522,0.23981233981083142,0.017906459035383515
0.14520547945205478,0.06246046261594537,0.0758268702230312,0.0939293522701891,0.030611414909186042,0.02455482003277426,0.08311537758276505
0.39452054794520547,0.16071085290714568,0.12259310669702973,0.5,0.15266762033890074,0.48984136780490567,0.010614620416541123
0.6438356164383562,0.1791047463150158,0.1974398762864262,0.447654267780585,0.1714084017816957,0.9698326901880165,0.009462931684906842
