ttm,a,b,rho,m,sigma,penalty
0.019178082191780823,0.010206866048839998,0.04360525932053712,-0.4761949513713365,-0.1143410128609741,0.18042557530941733,0.028670705211574513
0.07671232876712329,0.028221212553250438,0.08169498442205325,0.12114385453583584,0.06863841970798236,0.5562910477298649,0.007110455301371831
0.15342465753424658,0.11072810622068578,0.10065161121956935,-0.5,-0.36300138066150295,0.2645648337536881,0.08594034406779805
0.40273972602739727,0.2410591442148896,0.19839361803273556,-0.49999999999999994,-0.7352225460646357,0.6400842961486986,0.03856316824282557
