ttm,a,b,rho,m,sigma,penalty
0.005479452054794521,0.00509247387640023,0.014946586415735137,-0.5,-0.03934755001682204,0.01,0.03560305278453499
0.024657534246575342,0.02111950919534153,0.03496220911244993,-0.4999999999999988,-0.20351373361320696,0.11482303670185973,0.025238067391942693
0.06301369863013699,0.04266039327762121,0.07885004267103915,-0.5,-0.33109221744398726,0.2955915071983788,0.04516010381487499
0.13972602739726028,0.13043460412366856,0.06148548446600358,-0.4907806905362843,-0.3322985662096869,0.10543642695251552,0.07803656439074433
0.38904109589041097,0.2523012860441438,0.17517332504461705,-0.49999999999999994,-0.8942203440576879,0.7735988007104783,0.04227594169109591
