ttm,a,b,rho,m,sigma,penalty
0.019178082191780823,0.0016415616406976383,0.04713042883996182,0.1617766817849261,0.016288757540256667,0.08640630133998856,0.033309619862142655
0.038356164383561646,0.003652760846146254,0.07135843618708307,-0.10950627902263946,-0.02633574276090872,0.12003163617016337,0.027355763281411875
0.13424657534246576,0.0025401357091765133,0.1007953872047569,0.023549190855434304,-0.0011883352369982312,0.4529079472051706,0.004282186139937376
0.21095890410958903,0.008888154985628437,0.1778689654921823,-0.0805514425909895,0.0019160539699278098,0.3354932148064866,0.04078138863222624
0.4602739726027397,0.07664234638427626,0.19150945799215013,-0.2678861136252981,-0.25471604366757084,0.5067052567452349,0.010563630665743886
0.7095890410958904,0.021946567583057307,0.25844054783754644,0.03327344482634744,-0.004134272437492677,1.0,0.02198523033419286
