ttm,a,b,rho,m,sigma,penalty
0.01643835616438356,0.022407715030621497,0.016179700130409917,0.05099018032508359,0.003508304257408273,0.010000000000000004,0.03393347530112368
0.03561643835616438,0.0457108473300494,0.010321371668015725,0.5,-0.10529065755318695,0.02346959972940569,0.01904421072342844
0.07397260273972603,0.07306602692494817,0.06229458717682411,-0.5,-0.40891669503613864,0.29061030574315416,0.029569218647265652
0.2465753424657534,0.22870197657824332,0.12245889163458301,-0.5,-0.5476003834960512,0.24422566794503445,0.08098813012658031
0.4958904109589041,0.3459903065293124,0.2410912278635508,-0.5,-0.86557356504373,0.7920548549942072,0.02805570739669242
