ttm,a,b,rho,m,sigma,penalty
0.019178082191780823,0.006380905373269567,0.04240327653640933,-0.2730357584900873,-0.10470906134977494,0.2180691596642359,0.01116116884188478
0.057534246575342465,0.033398165102586516,0.0767949646129788,-0.5,-0.26111160964625024,0.24836489270824577,0.022946350573966535
0.13424657534246576,0.10974313305343836,0.06746789091193472,-0.43922801147705165,-0.23187920295049094,0.091433022675497,0.08072012090478559
0.3835616438356164,0.22955286201705136,0.1811163271844965,-0.4999999999999997,-0.7767206443857474,0.546787729549736,0.04496329649594981
