ttm,a,b,rho,m,sigma,penalty
0.01643835616438356,0.0004947039069781593,0.04453106547849159,-0.04736173243131554,0.0010547862392631462,0.05345612365490199,0.03239820961128682
0.03561643835616438,0.0011298939005399513,0.06111684858673603,-0.12778341753438188,0.0008441195270219937,0.1240946506796279,0.007660475674352302
0.09315068493150686,0.008435452350216765,0.09685179795858513,0.020123924439050155,0.06066305244535344,0.1933395959063873,0.013019810030011061
0.16986301369863013,0.00494591558051005,0.14070376154007155,-0.04412042906979022,0.003111679372289603,0.40454410861217144,0.005003143325431188
0.2465753424657534,0.07180461355082424,0.14415157468061904,0.16222073247625782,0.06427516748469053,0.28804626334068995,0.02973923951047361
0.4958904109589041,0.10383431894641483,0.21675273259540445,0.3718644544372246,0.27443830783830786,0.8048051289544923,0.011234016497206456
0.7452054794520548,0.38010842015558605,0.11706166696489763,0.5,0.04569923353826935,0.010000000000000028,0.009207904182606003
