ttm,a,b,rho,m,sigma,penalty
0.01643835616438356,0.0008626263183867423,0.045088264223841705,0.00257618043162817,-0.007936914664850673,0.17229983257159343,0.03033035873968659
0.03561643835616438,0.008328163035619155,0.046493904893041345,-0.12177505738913477,-0.0335440586335072,0.23408821159304502,0.016799190942128155
0.0547945205479452,0.009538086286488022,0.07669080372353777,0.14408225734180768,0.08676208984922958,0.24400951156883344,0.13638183928116523
0.13150684931506848,0.059492304559196164,0.04729617678635666,0.042332929825513864,-0.09120088201551939,0.37574153122648907,0.009853661542347918
0.3041095890410959,0.10250540982877915,0.16283525341491945,-0.38878947869684943,-0.3965573276021109,0.4488429213557936,0.05002150325841014
0.5534246575342465,0.24038230245498712,0.11279181055282195,0.1437927350812041,-0.11315585309698147,0.8582170488007778,0.019235054266284198
