ttm,a,b,rho,m,sigma,penalty
0.010958904109589041,0.0028313970683584966,0.059756254923547414,-0.4999999999999832,-0.009168432924680454,0.010000000000008084,2.194617287631045
0.030136986301369864,0.0029353224869134824,0.05616149131373481,-0.17866089441844873,-0.02778151195392816,0.15880876467655916,0.0069566987212719335
0.08767123287671233,0.015995255769972298,0.08657751903570424,-0.3060309191714708,-0.10087748729867427,0.2918674165213085,0.006490411601392127
0.2602739726027397,0.05179987212280794,0.13775592031799513,-0.3202018299736539,-0.23926404864442113,0.6322506664240939,0.03673964731602517
0.5095890410958904,0.13646754586593748,0.17681836617368105,-0.3366978226409954,-0.5180924111389084,0.9238916725248829,0.004972698504372823
