ttm,a,b,rho,m,sigma,penalty
0.0027397260273972603,0.0012172746221853574,0.016288452480151136,0.07843656512331125,0.004890258768887273,0.01,0.060331659211168176
0.021917808219178082,0.008799017736630638,0.04792094086860579,-0.49511011281214445,-0.10489302060057316,0.010956953726646457,0.7888503931158741
0.09863013698630137,0.015444631483018166,0.08280731323825997,-0.18235583132371644,-0.13324915384413433,0.433747442066328,0.005801923730402332
0.27123287671232876,0.08919503290598994,0.13366952365311577,-0.3969016651424769,-0.43090294858682526,0.37144077584608126,0.0541201645861203
0.5205479452054794,0.175392366901829,0.13043133240297994,-0.07326063884060531,-0.31066249151422615,1.0,0.006667813458505832
