ttm,a,b,rho,m,sigma,penalty
0.005479452054794521,0.0009326706184940067,0.027685113532869135,-0.2383737014448546,-0.00906138652282431,0.01693450431406382,0.06504698240149566
0.024657534246575342,0.004481951002683803,0.054117028727117114,0.14309950755043468,0.04930473104752486,0.02822585417822957,0.06368108618078952
0.10136986301369863,0.03916899859772785,0.06505764183891503,0.03943423452661269,0.025546184233894417,0.01,0.11735714713597226
0.3506849315068493,0.13339702927620697,0.13511125555562067,0.09841234338586531,-0.0801806608304342,0.21141647017130488,0.03439109633234638
0.6,0.07955884514018445,0.24858549108428907,0.27124133401948236,0.09654942221836699,1.0,0.0074932104322686325
