ttm,a,b,rho,m,sigma,penalty
0.01643835616438356,0.002782071509651898,0.0559226555550773,-0.08784184463082191,-0.007023210138621818,0.23636201510126872,0.022074844530688996
0.03561643835616438,0.015994316646932377,0.06674592810213915,-0.20230099730665377,-0.10188010905747429,0.31691240827093703,0.023843669919676354
0.20821917808219179,0.15014363455271096,0.10945647470165913,-0.19006428301231762,-0.22552325203994744,0.42651583881838584,0.05966528466637236
0.4575342465753425,0.2835696201794214,0.2160337468152987,-0.5,-0.7935266465449538,0.7583128033629943,0.030754498960448608
