ttm,a,b,rho,m,sigma,penalty
0.005479452054794521,0.001508004850064968,0.02316890641833595,-0.13965099316198337,0.010232921009447069,0.01,0.06741503232960777
0.024657534246575342,0.0015479341642674407,0.07009108462050528,-0.16290839911382296,0.0013950054443202951,0.1067167227877047,0.033404916700648005
0.12054794520547946,0.015357629323415606,0.1256913967655167,0.02264449265275358,0.08731200661521053,0.3378864503685716,0.008805036279573792
0.19726027397260273,0.07463474012047039,0.12841051792090136,0.094586215178228,0.18451396190662814,0.22719342479511864,0.058253406290303136
0.4465753424657534,0.12001139997967668,0.22328817647458093,0.28543458832725443,0.345995801306606,0.7642473317400889,0.009032896498571379
