ttm,a,b,rho,m,sigma,penalty
0.00821917808219178,0.001805062512922303,0.028631837121942325,0.34997922074124976,0.03703519652695818,0.01,0.09886568380244662
0.0273972602739726,0.0019711828944494764,0.0512481624448672,0.18288291248852775,0.01735810407559799,0.08658870073404192,0.016182632131815772
0.04657534246575343,0.002941660509631825,0.07913662342102613,0.0461320670308313,0.014826971548099352,0.13018460967212628,0.02024744848937628
0.1232876712328767,0.039617486141248784,0.08304404168324944,-0.009466004253551161,-0.01474654791371146,0.030966899393199535,0.06028492879953983
0.3726027397260274,0.10305982559659801,0.15632623518484554,0.20942264216585343,0.017881678162357965,0.4990404253602806,0.01999303186065795
0.6219178082191781,0.08833765691428731,0.23607161768059526,0.21788524077992621,0.017880777589544466,1.0,0.008749299617744857
