ttm,a,b,rho,m,sigma,penalty
0.019178082191780823,0.0005781721542597943,0.04815236582856654,-0.052694405358406915,0.0012685099093164658,0.17549744767375558,0.04094177603985615
0.057534246575342465,0.02081707577266825,0.07208310888574773,-0.5,-0.16547732707379445,0.16645198919530205,0.0970732115302348
0.30684931506849317,0.09718591845370171,0.16715128203413154,-0.4251085192048554,-0.3482214013072201,0.47314851427280424,0.03637866119138299
0.5561643835616439,0.06423757736067595,0.27775549291292834,-0.10664408236201922,-0.13168331682721002,0.8376906166591513,0.016948403183730112
