ttm,a,b,rho,m,sigma,penalty
0.00821917808219178,0.0016972896167109543,0.014298709022535319,0.4995685834219258,0.05836342322302636,0.0882010147785903,3.7066355649115e-05
0.0273972602739726,0.007882149016400386,0.03239165561951757,0.031122461632187053,-0.009307941197917726,0.048522273673889595,9.980152998763953e-06
0.08493150684931507,0.02560904780324737,0.023990175709902806,-1.9880477836415434e-05,-0.05659526394270693,0.12120261923882798,0.003645957974615157
0.16164383561643836,0.029374858149223353,0.06814326016107079,0.010107519971743532,-0.056623669158436606,0.36116520712288913,0.00023178844615731213
0.410958904109589,0.012732597873178953,0.2028532809222571,0.04212479698095989,-0.01683536466995716,0.6794488802691809,0.0020757813720991294
0.6602739726027397,0.13369905414717725,0.13030344782291323,0.05245368809291326,-0.03293314210506747,0.8972677814721616,0.029718085722203476
