ttm,a,b,rho,m,sigma,penalty
0.0136986301369863,0.0036195173638975775,0.04098631347886788,-0.39662098329861273,-0.0006695609026248479,0.026232911214245154,0.06238155512436374
0.03287671232876712,0.0011929062767645883,0.0707638082927909,-0.2178263110152102,0.007712167756700563,0.15123634677200468,0.014251416621450417
0.09041095890410959,0.018996976311995123,0.11000849291906054,0.07341507054187475,0.09837980955010214,0.12515458761248432,0.08415496488639523
0.33972602739726027,0.09415325533593229,0.2016930209381779,0.3860243205080899,0.25623574849489605,0.37523067172228747,0.033715940839587864
0.589041095890411,0.1434836040715039,0.2349517149611724,0.5,0.31832765563343285,0.7827553989065607,0.01941886154808368
