ttm,a,b,rho,m,sigma,penalty
0.0027397260273972603,0.00032064790044301607,0.02526628116502558,0.054715966640562316,0.005369897770383386,0.03900957030199049,0.13748908564642043
0.021917808219178082,0.008203243815485792,0.034947606817712626,-0.49999999999998074,-0.1433788787074684,0.1495279508132954,0.031794642256189415
0.06027397260273973,0.017852472780345026,0.06486336378025738,-0.17177155707222325,-0.07208489757538367,0.2880410807031542,0.07503619763456426
0.136986301369863,0.06909078353445867,0.03717134517481491,-0.21350016958874907,-0.24725694606142634,0.4053612531463102,0.006584088729205226
0.3095890410958904,0.12111209288107645,0.14896511170109805,-0.4457969901585794,-0.5083352760566959,0.46476028452753587,0.041679492359143866
0.5589041095890411,0.29059783750731294,0.09489455566032814,0.18942229759977178,-0.1384936630145909,0.8894983039594615,0.016188452914391475
