ttm,a,b,rho,m,sigma,penalty
0.019178082191780823,0.0006967271715425922,0.052318849729821475,0.10175177404025486,-0.0023265410331069596,0.05754764757793284,0.025736976497043547
0.038356164383561646,0.0013358801743791396,0.07331144049933558,0.07820998922806048,-0.002868785219331369,0.08897860314951046,0.03233716619382839
0.11506849315068493,0.03698618946387489,0.07715409424151815,0.0957354912620968,0.0060033248556472605,0.01,0.09879232727890856
0.3643835616438356,0.128155798654551,0.13878510972752037,0.23993517495159594,0.0031148936567225857,0.2679530654007406,0.023204843653000146
0.6136986301369863,0.061385021906108304,0.25159026332283235,0.14093224195798135,-0.10858571771101366,1.0,0.009702734705511409
