ttm,a,b,rho,m,sigma,penalty
0.0027397260273972603,0.0001855190957621486,0.01,0.066556984120513,-0.01754103736285303,0.11662783701993136,0.8854071039259261
0.021917808219178082,0.0016214069429233678,0.043230029312694915,-0.17628224490597347,-0.019170891564958187,0.12173743275470705,0.014576951928181394
0.09863013698630137,0.009749990500218951,0.07716128629168846,-0.2486493393282681,-0.07709535427541739,0.3002278705644927,0.005169595943472554
0.17534246575342466,0.025749520136251675,0.11301803952615497,-0.1612697775453485,-0.04882492081159423,0.2728198898244211,0.03883533630899048
0.4246575342465753,0.053716251078630865,0.18502211444402453,-0.1721190097359943,-0.1933137601901094,0.5663398675630839,0.010252167176964661
0.673972602739726,0.017643422314378474,0.2654336690752024,0.05276213938881182,-0.007065111393971233,0.8971740995053553,0.010846421620520574
