ttm,a,b,rho,m,sigma,penalty
0.010958904109589041,0.0018875537719570126,0.03906025808865272,0.05410708033665688,0.03554916865120264,0.0944903589667871,0.07185061925895211
0.030136986301369864,0.010718812511810531,0.03504448377487173,-2.703393356609455e-05,0.030391453257766522,0.1209177904955147,0.014201741834876607
0.049315068493150684,0.0028354389651484226,0.08948096627421158,-0.06991673383859548,0.013254458530670485,0.23190575067553792,0.12184169189844025
0.29863013698630136,0.0939636153360548,0.1716639878006762,-0.5,-0.300269939127182,0.37121952282261794,0.056191520710872495
0.547945205479452,0.03786783203571135,0.28717729698032396,-0.051858334454786874,-0.049408072231084905,0.837315253403677,0.014605199358245363
