ttm,a,b,rho,m,sigma,penalty
0.01643835616438356,0.0012519200940125294,0.044134147343337295,0.006847803920057313,0.01706286351839813,0.04080156511514156,0.0412173577135905
0.03561643835616438,0.004178374993509644,0.06485926949301574,0.1033061195289887,0.0404944693494411,0.04371483506631265,0.040423694385310356
0.11232876712328767,0.037414930294295816,0.07814110929326666,0.07499872764590464,0.06384627339171482,0.010000000000000002,0.08254846708982558
0.36164383561643837,0.11957201013296359,0.14913498910310313,0.15301718047821633,-0.019886190249237806,0.32872271515321416,0.033924568803577304
0.6109589041095891,0.12832191332939746,0.24332507596181127,0.46495201083814713,0.2701561242767637,0.8669031865917793,0.024269381175417958
