ttm,a,b,rho,m,sigma,penalty
0.00821917808219178,0.004923115995661887,0.036214334184303636,-0.5,-0.07704634796904887,0.15143960974987158,0.014232604845861925
0.0273972602739726,0.02216909546650406,0.047084070308948046,-0.4999999999999997,-0.22503056591679005,0.17315451171172075,0.041573938842354254
0.06575342465753424,0.04714948593219206,0.0727726936791657,-0.5,-0.35642382613590246,0.3504505773172127,0.014820815449811219
0.14246575342465753,0.11497614228321727,0.09279891999599202,-0.5,-0.3935604930057705,0.2758625152062657,0.0643547551512975
0.3917808219178082,0.25555226090486294,0.19418124772555398,-0.4999999999999993,-0.8041583471614356,0.6411147637330132,0.05721142115136862
