ttm,a,b,rho,m,sigma,penalty
0.010958904109589041,0.004429692742274367,0.036921945956797285,-0.4797982475679106,-0.06741308903572543,0.05286284291645967,0.04199226778040147
0.030136986301369864,0.01794158871947242,0.0345433757205605,-0.35526738509086325,-0.09907188859720126,0.06690372451628271,0.012154017369398768
0.0684931506849315,0.04512370277097263,0.04996106872344297,-0.5,-0.055305502581689515,0.05041767714586062,0.1499798407878975
0.3178082191780822,0.12784103393606505,0.20145341397042751,-0.4999999999999999,-0.3470811562940083,0.4059686424080127,0.048341003543963326
0.5671232876712329,0.14910466276522893,0.2843538019727491,-0.2668639161682928,-0.32310454125348737,0.785318281395679,0.010838545489496936
