ttm,a,b,rho,m,sigma,penalty
0.01643835616438356,0.00411297447925865,0.04225130423689338,0.08006202621495037,0.05298008156743154,0.12029105609293331,0.042430923451278364
0.03561643835616438,0.0036931117019365516,0.06282859610269706,-0.04920319965927669,-0.03953972182933267,0.29013534092559395,0.013141120310199185
0.07397260273972603,0.03493064154169726,0.07470568075919888,0.16750630265724384,0.1606538054290332,0.17799257246225275,0.08299755229183077
0.1506849315068493,0.025728361162412727,0.10582719220352131,-0.21650349644735065,-0.16763057830029485,0.6981846933710792,0.005884720529070461
0.3232876712328767,0.08515704569894447,0.1863754014033699,-0.27776244359803565,-0.29783764302676535,0.635606589837365,0.036534556347385366
0.5726027397260274,0.28915755237815877,0.10021852250599537,0.20679615387367878,-0.1980484076980767,0.891417694644699,0.021334292901489957
