ttm,a,b,rho,m,sigma,penalty
0.0136986301369863,0.0004331241349153236,0.041637681115048085,0.0282942424772015,-0.0005891809346489523,0.0879789310275172,0.03338400069094362
0.03287671232876712,0.005061087477970663,0.05946184358999207,0.14548295571438427,0.05727170219901321,0.13917026663213916,0.10463154778217927
0.1095890410958904,0.0121481773261622,0.08357430661702453,-0.18036056231047,-0.09846997418356494,0.4978752441931247,0.010278477990433464
0.2821917808219178,0.00957388651578983,0.19554908206858307,-0.03064139200347754,0.0030103853187733788,0.6627388527315086,0.10413233853958899
0.5315068493150685,0.2508914726287959,0.0991536993206489,0.10586598273518617,-0.07559783357556939,0.7121677495955171,0.01247193331609212
