ttm,a,b,rho,m,sigma,penalty
0.00821917808219178,0.002099340515469399,0.03261947866543686,-0.5,-0.02106158091957322,0.045014132107390865,0.09448418008677628
0.0273972602739726,0.0012050737171661618,0.07090387540706905,-0.20378048444286898,0.007229147123283493,0.15558852485095057,0.022887200376547453
0.04657534246575343,0.009219317426529886,0.08595754172805319,0.048272821019051323,0.07977701099455917,0.1433871573607052,0.032358268351745254
0.14246575342465753,0.014849421852072624,0.15143651799467406,-0.26794378825156284,-0.02922105703164887,0.47254170200421086,0.010037247793629809
0.2191780821917808,0.08994393702994224,0.15533961754091188,0.02963593396607588,0.21194605574517272,0.31967804270334604,0.07020189636981891
0.4684931506849315,0.09841510256534496,0.259936335962973,0.10119863711678898,0.27188776667691933,0.9006762447278396,0.011134705654524615
