ttm,a,b,rho,m,sigma,penalty
0.0027397260273972603,0.0008110657049810678,0.012986766802616725,0.33233407957875893,0.04254927338921135,0.04181626226350664,0.17268586442035241
0.021917808219178082,0.003455905096419646,0.04538829173297135,0.04788921228104165,0.016944851448143138,0.05844636357758012,0.04971904337080864
0.06027397260273973,0.003995343943753352,0.09026867262656255,0.04397585236141305,0.01882350721733051,0.1810022512569007,0.022204519018070485
0.136986301369863,0.04967785508508247,0.08132068401764249,0.03217308267924195,0.011788530537544584,0.033755466540209125,0.06519503343820052
0.3863013698630137,0.02393115674106632,0.19728020519008652,0.1835552521492612,0.043918887318289246,0.8744179887235277,0.011738114932306198
0.6356164383561644,0.12534334266974698,0.21513309242212497,0.3402185538337616,0.0888847758841452,1.0,0.01037724336329314
