ttm,a,b,rho,m,sigma,penalty
0.019178082191780823,0.0017962440860162072,0.06343269127015562,0.03623761195817642,-0.014094983563560655,0.2876025052535886,0.018373240307540818
0.057534246575342465,0.016480816199684424,0.0903030443859636,-0.08026573721766407,-0.14454281457754348,0.403468565619735,0.026206001039173147
0.23013698630136986,0.12725608031320276,0.16272369125380057,-0.3260275996967025,-0.5356470446003684,0.5261020388183496,0.0623098097458697
0.4794520547945205,0.25304430224623287,0.2418649037785258,-0.31257951453882926,-0.7171999126414169,0.774787931560517,0.04926900863815336
