ttm,a,b,rho,m,sigma,penalty
0.00821917808219178,0.0003706394961658133,0.03852141186146487,-0.03157026922047944,0.0006081783895366987,0.020617948147712072,0.06862967133630825
0.0273972602739726,0.0007703024693542592,0.055839824151108386,-0.10966329595747802,0.0030629957671273627,0.09440392851063328,0.010994339733851718
0.08493150684931507,0.008576531301469023,0.09763529778215167,0.05466600918039739,0.05752907854016485,0.17545464871787375,0.011505674770559565
0.16164383561643836,0.009041531948053854,0.12938724509354776,-0.08993582326073844,-0.02881354537046418,0.4179733867532718,0.0052994859742058024
0.23835616438356164,0.07697050277065008,0.14177217716550136,0.11628145970038703,0.016113466770302096,0.2219452376101482,0.046088381375486424
0.4876712328767123,0.04664830295560162,0.23939129863792935,0.21534226271172666,0.08721070318934435,0.9279355172583388,0.009616056688661589
0.736986301369863,0.3737751117876925,0.1336146330098009,0.49999999999999994,0.09430027195205627,0.2882080005061994,0.008909725266461022
