ttm,a,b,rho,m,sigma,penalty
0.019178082191780823,0.0014831774853631414,0.05265298500559815,-0.026228388559204677,0.01610753891148695,0.3384185884153836,0.04012308986643457
0.0958904109589041,0.09287557100707003,0.01955030380952961,-0.0707882050600704,-0.11574646743001463,0.22864031403465165,0.004651271896655725
0.1726027397260274,0.10723256670147277,0.12419949567871014,-0.5,-0.5289168366117041,0.538159967678705,0.06719073691110877
0.42191780821917807,0.31888621508283993,0.1371004688420001,-0.5,-0.9593146883537151,0.7228801124725504,0.01786946688180322
