ttm,a,b,rho,m,sigma,penalty
0.005479452054794521,0.0035634918578935347,0.030353820821258634,-0.4413467291790047,-0.07051162125171694,0.04488640829247923,0.23097442641935256
0.024657534246575342,0.012300491000779614,0.06459516071617338,-0.36139810503612,-0.11787854267899776,0.11419529867182429,0.04700470860994044
0.10136986301369863,0.050940325454768245,0.10908271241687927,-0.12888867213096092,-0.1559159408869749,0.30273557249618255,0.05771798766623871
0.3506849315068493,0.10513039927736828,0.22212110941510582,-0.20099625099912707,-0.3271001343940101,0.7181962933709978,0.015297894884204266
0.6,0.1692228085554616,0.28460299945170714,-0.10161399769269942,-0.2782460716247012,0.8801393168459486,0.02064618036624619
