ttm,a,b,rho,m,sigma,penalty
0.0136986301369863,0.0046113534591669236,0.03430377799449035,-0.4389832910864061,-0.0810748376953298,0.06430701447350284,0.0663106324317697
0.03287671232876712,0.014097654103565584,0.030368543862883637,0.43505475117977366,0.08229969584412837,0.08375551056126633,0.019781520332234792
0.052054794520547946,0.012852077195476987,0.07363116315536986,-0.3120072053304673,-0.10887258998160983,0.1647659365622188,0.14269136962931583
0.12876712328767123,0.05343140412735417,0.05251155061428336,-0.07687165722875805,-0.10521261037970699,0.34042392345822786,0.009452090979733443
0.3013698630136986,0.08218570749117406,0.16676744008976496,-0.3098394824493574,-0.32146823521506107,0.5215279694949664,0.05371873112183115
0.5506849315068493,0.24275548262414695,0.11571089797848445,0.09906866855743833,-0.07606507028964554,0.8059024076899532,0.012465021762434388
