ttm,a,b,rho,m,sigma,penalty
0.005479452054794521,0.0005769951995375185,0.0318937956793697,-0.014645592768425897,0.01050287594893908,0.09974785829555802,0.03372374403465246
0.024657534246575342,0.001281774801584877,0.05762501992672359,-0.011379379552595215,0.008254191142770598,0.2939777146935368,0.019929596255579784
0.10136986301369863,0.05919947004025453,0.07697005045149133,-0.060993728772732576,-0.04505598165167038,0.20805942361168125,0.070663679283709
0.3506849315068493,0.16408805519842878,0.17828745430688683,-0.38786998523899796,-0.6010448221369472,0.581422944565406,0.03917435677741865
