ttm,a,b,rho,m,sigma,penalty
0.00821917808219178,0.010795961894494771,0.018186752592509393,0.23592841104424728,-0.010354659932211125,0.01,0.0661299411584586
0.0273972602739726,0.0020385588222876787,0.09204929023516846,0.19544273269408066,-0.009005090825000723,0.3369717121658033,0.030920426381239215
0.04657534246575343,0.03573877619842374,0.07763374996732175,-0.3170882154388396,-0.2198622771094036,0.22231501170765325,0.04035295211404565
0.1232876712328767,0.10848100867478114,0.08988002303347223,-0.11990592110451696,-0.08420581083690912,0.07175083665956183,0.07605397023870063
0.3726027397260274,0.2496684558651241,0.21537291648288265,-0.4620446912427503,-0.4868744989156107,0.35065795024008906,0.026964278195121465
0.6219178082191781,0.2432082324607688,0.32842825564432143,-0.2665767667842458,-0.47951551513217755,0.7519560133442126,0.030584556810917086
