ttm,a,b,rho,m,sigma,penalty
0.019178082191780823,0.0006691029038016494,0.03673471247586104,0.012187424612764222,-0.009366685761082733,0.17637206797665064,0.00859727931631527
0.038356164383561646,0.004020690246409324,0.07121724817838705,0.06181760263755693,0.03425818178073151,0.1691277737282848,0.08995350377759082
0.11506849315068493,0.021281285047955446,0.08245980669545586,-0.24207644087626867,-0.18215944383156962,0.4705804699772106,0.004182331735285092
0.2876712328767123,0.08256193759801418,0.15700666914523287,-0.34584771268064723,-0.33774478847298284,0.4709978813628274,0.052239498287411715
0.536986301369863,0.25809209735053507,0.10271491741303478,0.11221326410866282,-0.12261361178661467,0.7493698278949903,0.015607761442094296
