ttm,a,b,rho,m,sigma,penalty
0.019178082191780823,0.007403564541620523,0.055331424634288674,-0.3063270138926421,-0.08435148291450997,0.11503637198255451,0.06803442583426444
0.0958904109589041,0.028877359911704252,0.1232271401485503,-0.050854700373978746,0.0077421611826194135,0.3447655549176227,0.11487408431516297
0.3452054794520548,0.06868790598428871,0.21316047549525807,-0.1425505407656558,-0.2209177755320837,0.8489681930768447,0.015003111260988434
0.5945205479452055,0.28352251509525034,0.1934609279229953,0.16719801257327735,-0.03540185074097362,0.6500686996268338,0.009266857199007245
