ttm,a,b,rho,m,sigma,penalty
0.0027397260273972603,0.003916132917811656,0.033467725006161485,0.14192296791470949,-0.0006465776324631275,0.04599261285012123,0.07628944542629075
0.005479452054794521,0.011630278555722141,0.06632349115823305,-0.4137526627086611,-0.10058229457369791,0.010000000000000168,0.8418548655821766
0.024657534246575342,0.015098803193314175,0.10537849222445235,-0.3097310847909034,-0.07485220162741062,0.25691482294832546,0.04325612171696602
0.0821917808219178,0.020023494028987034,0.18457465477831567,-0.017697638989983718,0.0650185024144695,0.49532563205945485,0.06717496746696289
0.2547945205479452,0.07187804564718459,0.25373858267274224,-0.1048824516788047,0.027262614880109823,1.0,0.01128212084215436
0.5041095890410959,0.3346061497840143,0.22787901261922316,-0.128197935562486,0.0016621991902771144,1.0,0.008759549491968418
