ttm,a,b,rho,m,sigma,penalty
0.0027397260273972603,0.00044114420229013704,0.01,-0.06831272758817233,0.004909756076011746,0.01,0.047547047726789214
0.019178082191780823,0.0006848073782321305,0.05276075415927059,-0.12709796101112053,0.0033540783440691316,0.0467361037726984,0.03485637420581043
0.038356164383561646,0.002199265937424694,0.07326097401626673,-0.09018484663531412,0.01632717760249973,0.08416714186896022,0.009183735180105868
0.0958904109589041,0.010312723182346798,0.11692310838419455,-0.04584247471439832,0.06452588210780172,0.15243405994194265,0.016201048137086067
0.1726027397260274,0.01442213594432491,0.17675033241440916,-0.11946951748322383,0.05369937784608313,0.2852599077681641,0.005496429967443982
0.2493150684931507,0.052177120619717014,0.1902679713454583,-0.21088807066306547,0.0149618941298478,0.3096568932149997,0.019558436289767743
0.4986301369863014,0.08569099899432672,0.2991287622948792,-0.30724939948236313,-0.12042691233486348,0.6260571597310843,0.008078738060259676
0.7479452054794521,0.21875203528857254,0.2566147611933323,-0.0466332344373375,0.07951158845892338,0.8225858962161158,0.02053477884923187
