ttm,a,b,rho,m,sigma,penalty
0.0027397260273972603,0.00022361626494750208,0.025328411864203784,-0.024891862507638987,-0.002124243463304483,0.018524522675103686,0.19968916527339797
0.021917808219178082,0.0011272745306938723,0.054762931616341035,-0.030471038420466987,-0.0058652206909363645,0.09403345402499382,0.018736511383457527
0.06027397260273973,0.0035452271661990217,0.09121033137475254,-0.03319522190491369,-0.014047253202025286,0.18383989384597663,0.01207687312447335
0.136986301369863,0.02393245329660915,0.11764810931677089,-0.2444241257937951,-0.12681821180592917,0.30385432967920034,0.004170438906177083
0.2136986301369863,0.08509742533622706,0.12628938269916826,-0.08862568987192009,-0.1157894343043079,0.14014926596627314,0.048543382522656345
0.46301369863013697,0.052815062915735185,0.25332760540983446,0.0203629603657402,-0.15053556590250336,0.8506470387156475,0.010182202198761665
0.7123287671232876,0.34510337471543584,0.18101667596456542,0.46886809554032827,0.09496730324527551,0.5414726470171702,0.009254797454925296
