ttm,a,b,rho,m,sigma,penalty
0.0027397260273972603,0.0011645105446823683,0.031029309774496135,-0.4999999999999991,-0.013381995760528594,0.024461967735495457,0.0820327885189862
0.00821917808219178,0.0013431676550137075,0.06589812513770645,-0.14994497300743012,0.00997083807079221,0.05778333966934365,0.07652855599620298
0.0273972602739726,0.00420504705529514,0.10849799769534121,-0.22122957684924588,0.028633618966966312,0.14407195903800962,0.030337721116239662
0.06575342465753424,0.015522328815722864,0.1650918443115727,-0.14003742913223965,0.07379508976380642,0.2351674982139641,0.04274934706121662
0.16164383561643836,0.02827910486619307,0.2394556043599348,-0.17214411555621556,0.09297363965716353,0.5014701991197161,0.009384757706755092
0.23835616438356164,0.024482130575127395,0.2702429567337348,-0.2156248721343672,0.06235440914649428,0.7552421486467671,0.01190041855997413
0.4876712328767123,0.18818489664496413,0.28486843781744975,-0.2332774143316172,0.08697346601930177,1.0,0.00693950099517102
0.736986301369863,0.4919709954350265,0.19043508406635062,-0.13149471966539958,0.1664988705585422,1.0,0.006331011284620263
