ttm,a,b,rho,m,sigma,penalty
0.0027397260273972603,0.00048708487235738337,0.02513515390989016,-0.3450597722471345,-0.005950967550195849,0.01000000000000046,0.48083707166529
0.021917808219178082,0.003665268998476874,0.037459363498062476,0.042581048683602116,-0.042825066510273645,0.07271787411133593,0.013080176615443024
0.0410958904109589,0.007985229615782753,0.055091868285660345,-0.2664355373112446,-0.09700221442546698,0.1274524169147907,0.03216144790462093
0.1178082191780822,0.024966156838214078,0.09655392495166898,0.29790114547208557,0.05355602090617834,0.23836229534706846,0.02206712958553874
0.36712328767123287,0.086223128525404,0.1771294659998017,-0.26951881819107537,-0.32703916266255423,0.44103343463566635,0.014051314851664467
0.6164383561643836,0.09049158171968319,0.21094939947475838,-0.08820337443991137,-0.33662365524502497,0.9364795734212057,0.007597765934111238
