ttm,a,b,rho,m,sigma,penalty
0.0027397260273972603,3.9322595099251785e-05,0.01,0.23458966281983112,-0.0032239191345816006,0.05794509506224578,0.03378587437907945
0.005479452054794521,0.0010120491692293496,0.011818275814675604,0.49999999999999967,-0.020403928269247053,0.03612541727127242,0.052039860436644436
0.024657534246575342,0.006186999376173964,0.0341115483370969,0.11367497912721418,-0.008834897922759797,0.01,0.06124373325378975
0.10136986301369863,0.02373692754833202,0.08183926048970407,0.298460507831729,0.02679107187747022,0.1523600532024189,0.02961395097681821
0.3506849315068493,0.05774667600920118,0.17377722170220067,-0.10365204704101252,-0.25303575545009327,0.5350733355212495,0.007098180913893655
0.6,0.07982674797685113,0.20032187584802988,-0.030828909688962517,-0.33481206132097285,0.9452699562393698,0.0041752096602363006
