ttm,a,b,rho,m,sigma,penalty
0.0027397260273972603,0.00042161939958378417,0.01,0.49300098584350305,0.018951355482996986,0.016175958041969963,0.03179024955413364
0.019178082191780823,0.0030759955885147996,0.02814235501816522,0.3768829734682686,0.0374618528167168,0.0262635530782985,0.02625802478643184
0.038356164383561646,0.0007653843955112422,0.05453709164460549,0.11046202395778335,-0.0036469627088151478,0.1356739253126206,0.012063284538831069
0.057534246575342465,0.010325090618656906,0.06105241602701113,0.45472216395331033,0.06286052209543774,0.0100000000592974,0.04242086834474285
0.13424657534246576,0.026770884491669953,0.10855987170905186,0.47184276157351224,0.1275354053052415,0.15488157943984376,0.01974513465091923
0.30684931506849317,0.015488204862716853,0.2076096978290444,0.0419754410715076,-0.028023863082933243,0.502570423966821,0.02299991870427727
0.5561643835616439,0.03550373282149053,0.23716474463734052,0.2464239742949979,0.04579418967963317,0.885871735461887,0.008904608672965685
