ttm,a,b,rho,m,sigma,penalty
0.0027397260273972603,0.0003241772996454755,0.015206460307867336,-0.5,-0.00850964191961556,0.01858666684111351,0.04815306128851437
0.00821917808219178,0.0012691517318900065,0.02997332324773715,-0.49999999858354766,-0.016986960842095868,0.01,0.3131421302204848
0.0273972602739726,0.0015819843344158642,0.05133103659419571,-0.07210095778877987,-0.014985968377828212,0.10460554801700593,0.01174611209303077
0.08493150684931507,0.0029713304760089123,0.10902188357819567,0.027981397320445772,-0.0015275630734950148,0.2089849381631139,0.018152334273001915
0.33424657534246577,0.03971257443080116,0.18064509026283354,-0.10230159947024145,-0.14952965276807545,0.4877554150344171,0.007776060000940891
0.5835616438356165,0.10374275371836324,0.20205392058843472,-0.22992708002749718,-0.3550867963801671,0.6443952816046025,0.0033361754201107438
