ttm,a,b,rho,m,sigma,penalty
0.01643835616438356,0.0022019054256877664,0.04404837828205133,-0.12170051146115735,-0.03221059503764881,0.042920983573097066,0.047248229344773705
0.03561643835616438,0.004436451664849324,0.06620878651671006,-0.0737868806826399,-0.04462335281656419,0.08175685783189507,0.05560420027586901
0.11232876712328767,0.010954971214535262,0.11049526152616419,-0.025562661158918785,-0.06832030397774777,0.27821886916666666,0.004555549967261243
0.18904109589041096,0.05267745718692686,0.11879391763920145,0.06783909352606925,-0.0898255557435227,0.21013814769942796,0.04262755120228935
0.4383561643835616,0.02365703661186292,0.24095347799621475,0.09798899925184872,-0.054349666881569954,0.8161953744266831,0.010818037473212467
0.6876712328767123,0.14691291529159292,0.2255004087641355,0.34367803887299964,0.10331546045028084,0.9952565230766847,0.003713909824047646
