ttm,a,b,rho,m,sigma,penalty
0.0027397260273972603,0.0003559525907296888,0.022718479481375512,-0.1739766741582982,-0.0066780195409315,0.01767793564719387,0.04567730645075013
0.0136986301369863,0.0009892826375708032,0.06041315864523793,-0.07005207370229338,0.0008622694700830904,0.05135038487562166,0.045629920515747296
0.03287671232876712,0.0026613807589270454,0.08984075289124292,-0.1310394975322948,-0.0007704700703919621,0.10438930127678861,0.020116903754033848
0.09041095890410959,0.009560673367452277,0.15666252242544215,-0.23980125516053194,-0.0005506126981085958,0.19602901608924178,0.023588828087593293
0.16712328767123288,0.02519331647435835,0.2257824441491934,-0.11742863670508957,0.07648706969809788,0.2613299370403397,0.031753923523772605
0.41643835616438357,0.04243302478292738,0.2792732807697968,-0.12113011899623195,0.11128808512235236,0.7821320761964368,0.009765111835151259
0.6657534246575343,0.1531612944948182,0.28189637075630397,-0.15995614432714622,0.09529753405116244,1.0,0.005121964425470822
