ttm,a,b,rho,m,sigma,penalty
0.0027397260273972603,0.0012440167812254514,0.019558642471374392,-0.1659038790376659,-0.004627693140778523,0.01,0.07199059658887459
0.010958904109589041,0.0028148376999943855,0.06157887031468075,-0.134794420442359,0.005790630240060376,0.03324957240361412,0.10234562442164268
0.030136986301369864,0.003670947324738629,0.11517973872426832,-0.12972841184625616,0.004353333873473118,0.11046884703995562,0.023119855536597893
0.0684931506849315,0.023623491801655908,0.1447567221530009,-0.4227904814771264,-0.06152742301851527,0.14013344628507315,0.03180282484344935
0.14520547945205478,0.013769724463602142,0.23952373416475076,-0.2094716773912963,0.025276774695979002,0.3114623120584774,0.0282921561668655
0.39452054794520547,0.05716539317264627,0.282251508485894,-0.2836060918126219,-0.06645373178785123,0.7192555501749592,0.01154916327201078
0.6438356164383562,0.13588461043122327,0.31974065496410403,-0.35109107577842386,-0.16792238078097715,0.9588538359069552,0.006395592005784869
