ttm,a,b,rho,m,sigma,penalty
0.0027397260273972603,0.004383626474075525,0.017182883489717058,-0.5,0.0018631799548283958,0.010000000000000007,0.12343288797254585
0.0136986301369863,0.03487757680362866,0.01307412826409442,0.10974750749565094,0.08575498254169538,0.010000000000000028,0.0737422211885611
0.03287671232876712,0.06465084667772339,0.06331364435447666,-0.4999999999999999,-0.0529990795096713,0.11223101077541801,0.06034143581582937
0.1095890410958904,0.0886819409944679,0.10998284872803549,0.4726536914625034,0.5056579858533319,0.8622795937350253,0.036640704635760094
0.2821917808219178,0.1573323779236387,0.2676004280534677,-0.4366606113675568,-0.31219945601675436,0.746468709294025,0.02173338591326279
0.5315068493150685,0.41116115609222653,0.1667871647425102,0.055523897148684734,0.10330838904028355,0.87198886130808,0.031461346471897245
