ttm,a,b,rho,m,sigma,penalty
0.019178082191780823,0.0005925604937033407,0.049140151346486347,-0.13634520985054843,0.0033510423511553464,0.06969575413719208,0.009772651688921231
0.038356164383561646,0.0035988111766156023,0.061008924678975104,-0.3384076472069464,-0.023580139989902826,0.08775189406558652,0.009910987326363618
0.07671232876712329,0.004422608499088525,0.10011261094478505,-0.06809141380193542,0.024067514630149684,0.17814206070348576,0.010050841133500335
0.15342465753424658,0.009316724880625552,0.13842188421454601,-0.10850711768215855,-0.02230133523094334,0.3629825199737471,0.006680659125224523
0.23013698630136986,0.05405516934989321,0.13437746855021904,0.09628208943965512,-0.02303524563644777,0.46693330545766226,0.06310705390719334
0.4794520547945205,0.08541513678388556,0.22644315540595472,0.31108446211843244,0.21306560178787098,0.8428978134660958,0.011814008231974428
0.7287671232876712,0.30440331000167653,0.13717911660434168,0.21607189907422591,-0.2080357602645897,0.8815932284730514,0.010803370891000546
