ttm,a,b,rho,m,sigma,penalty
0.0027397260273972603,0.0018331604037811198,0.04295894670098102,-0.5,0.004361708115525835,0.012494564801658985,0.08413627965676385
0.010958904109589041,0.0033061836645145778,0.0849875929926014,-0.22621387426749007,0.03382978932162619,0.08512272941542531,0.027948801714612816
0.030136986301369864,0.004899734525976468,0.1315062871451316,-0.26549237454461283,0.026563681214769916,0.1855682949069861,0.030184360174492875
0.049315068493150684,0.010680260152488562,0.1582383902813379,-0.19723152670124122,0.05228817964201381,0.19811414159806467,0.02719371729094574
0.12602739726027398,0.031412189545795055,0.2291232481812886,-0.14795585796951247,0.08719498855125339,0.30446075651556637,0.040160112722279775
0.37534246575342467,0.035549502724791904,0.2951432959968007,-0.12579427546632735,0.0730055277162306,0.8310496869265206,0.010204892608336794
0.6246575342465753,0.13093666223297418,0.32976139527791937,-0.21193749829168917,-0.016394263565350727,1.0,0.009548454914861058
