ttm,a,b,rho,m,sigma,penalty
0.0027397260273972603,0.00026620000613689293,0.023661714175315814,0.07611303758343121,0.004088589087294756,0.018316011880972663,0.027922447418554226
0.00821917808219178,0.0010681191131870459,0.04249246886652271,-0.1634858389817959,-0.009242822964856397,0.03538439660200305,0.031240228543182844
0.0273972602739726,0.0015799898914752501,0.07975048308613189,-0.08197874403256639,0.0032715424906867405,0.09717891467818258,0.0178916842081886
0.04657534246575343,0.003228758063533528,0.10863973805985369,-0.07284208713669123,0.006857283991860398,0.12834711717034913,0.013223771824896908
0.14246575342465753,0.009207745605999065,0.18717604728417553,-0.061082466620933175,0.00837242739054991,0.26591292493988056,0.008604378830551757
0.2958904109589041,0.022940672036582708,0.26873298854906963,-0.0925795810179382,0.02054083023781765,0.44355167797491013,0.016346917412929443
0.5452054794520548,0.08738515769024807,0.3537529376771246,-0.19617314533616945,-0.09951261361139112,0.5934827590188685,0.012862733316412996
