ttm,a,b,rho,m,sigma,penalty
0.0136986301369863,0.0008649358854791536,0.038589562106356355,-0.07548372299765256,-0.010463776835307033,0.0437618117087911,0.08570854680967259
0.03287671232876712,0.002471949097781877,0.05644560657760456,-0.089322771454464,-0.024826957384707835,0.08549023597536973,0.010958926519017828
0.09041095890410959,0.013786258967438245,0.08373766012681008,-0.12280239359097514,-0.04624990437492298,0.15496105765745524,0.012488938088944634
0.16712328767123288,0.005964843871392079,0.15454069285155228,0.049865167806467575,-0.003864682574069039,0.34902739875747585,0.02850463205771252
0.41643835616438357,0.03821999536170382,0.2211650397024842,-0.024734006985785918,-0.11179904334446036,0.6798598592822097,0.010411222040506025
0.6657534246575343,0.17818141794728615,0.1838154663844769,0.2234800874758285,-0.04526903663119495,0.886910311218377,0.007759756195858808
