ttm,a,b,rho,m,sigma,penalty
0.019178082191780823,0.0011748429958913541,0.047570053613072635,-0.06889749942387084,-0.010391272092158912,0.05257454234829521,0.042378844434009036
0.038356164383561646,0.001368409128372471,0.05597593403673503,0.0002630673875043854,-0.010459770504295475,0.15377929577116303,0.005314833048904729
0.057534246575342465,0.0018605559099284517,0.08032070614537043,0.004024489063226885,-0.003250089204323574,0.1906115272063074,0.00841713865118967
0.13424657534246576,0.028636385163818643,0.09765397878196357,-0.003763041046259368,-0.02356830194866218,0.243658069572582,0.003095525294574821
0.21095890410958903,0.07163099532590052,0.12981611926116035,-0.09031471836015063,-0.1182779605423471,0.19709110612522504,0.04112230795156069
0.4602739726027397,0.03932709744630544,0.2540674585074844,0.05936821894779125,-0.10459880955244724,0.9002675753409856,0.008209227123074958
0.7095890410958904,0.330907349018878,0.1736798147648083,0.4429536021053642,0.03490748808301377,0.6218925420022443,0.008279175948996275
