ttm,a,b,rho,m,sigma,penalty
0.0027397260273972603,0.0006179443106108322,0.01759944695480701,0.2818010072954293,0.01168452537647522,0.010000000000000028,0.04184309982705809
0.010958904109589041,0.0006528260575111454,0.05120056641289955,-0.06366903362902564,0.0016304818687564355,0.056817178575151436,0.03716450609122355
0.030136986301369864,0.0033017707425005735,0.08183635945795886,-0.13238828362753305,-0.012449020402228847,0.08939947236680713,0.0248769824494818
0.049315068493150684,0.003927651371867915,0.11328537127078522,-0.019498709151691433,0.0075693321147196355,0.13088857990318828,0.017106067955090367
0.14520547945205478,0.009195068737956242,0.1918972019482996,-0.059419422905606964,0.005727731339948584,0.27425104249855486,0.006880795706003746
0.29863013698630136,0.027170720268424264,0.2693141876203501,-0.10703343992002724,0.0020886454094397617,0.4393563941435749,0.017526482198969826
0.547945205479452,0.08791480873462573,0.3533050288420818,-0.1911707673961009,-0.10249706275811409,0.5933382204145213,0.011763140985687296
