ttm,a,b,rho,m,sigma,penalty
0.005479452054794521,0.00032073369208018176,0.023180716780218196,0.1540540465763077,0.005300988661174134,0.03910267488834779,0.02200991854742552
0.024657534246575342,0.0013718819736033222,0.047857573710089175,0.10974883341632863,0.012551195627227178,0.10010757816220683,0.022401836279919752
0.10136986301369863,0.007078269912398064,0.10004127608421622,-0.018878296103854674,-0.03500673303841445,0.2621225250537006,0.00867558642870943
0.1780821917808219,0.010293507493890484,0.15421616464957186,0.09937353747713142,0.01825220055727905,0.38979767794769626,0.017297781169486225
0.4273972602739726,0.019101229910307948,0.23746022267498523,0.09990920458648288,-0.035781075921798196,0.7915915086895463,0.00985806420785371
0.6767123287671233,0.0864223972765856,0.25476789161676583,0.027741204917854402,-0.22984797003474972,1.0,0.005556241840541341
