ttm,a,b,rho,m,sigma,penalty
0.0027397260273972603,0.0008283947702601856,0.01,-0.16308707483092025,0.09688897765047469,0.05709544008438944,0.47492756754947496
0.021917808219178082,0.0013682161002078234,0.07100554941030524,-0.11563590716535925,0.006086107333350466,0.057346336400040915,0.020312888075119287
0.09863013698630137,0.008988428754264123,0.14193642130736536,-0.06799441026386269,0.03483952167077181,0.1630269667592068,0.015085390210050977
0.25205479452054796,0.01592561874424482,0.23510493201021346,-0.15008199853778217,0.00901049508693627,0.43077120216489445,0.006671764080016751
0.5013698630136987,0.08689145117783216,0.31003827127565864,-0.27416894062405905,-0.12021270600290936,0.6204433466063092,0.00787782703991195
