ttm,a,b,rho,m,sigma,penalty
0.0027397260273972603,0.00397938114772755,0.01,0.5,0.2615420237898505,0.5448508989690809,0.0603473669717969
0.019178082191780823,0.0485228587456596,0.029932125108111666,0.013656752032567868,0.04382523714356687,0.01,0.13574505673889625
0.038356164383561646,0.07555090566231407,0.025792907710072074,0.4335265328677509,-0.07856596757127936,0.010000000000000002,0.32249303921753736
0.11506849315068493,0.020423539594656617,0.15210120217708162,0.018714643458271972,0.09301399272588268,0.919938855553943,0.1166093788282807
0.2876712328767123,0.3086424156736989,0.13222013122040469,-0.3164770885215122,-0.08307655556100785,0.21606051485041136,0.03718518956972362
0.536986301369863,0.43967740511391673,0.14403386735539217,0.08912988101372751,0.12387817184608532,0.9712917898501304,0.014436827809117437
