ttm,a,b,rho,m,sigma,penalty
0.0027397260273972603,0.001063315990459373,0.031828942839417354,-0.12211891894502586,-0.017912075771026603,0.019786613921671675,0.059047264835561095
0.019178082191780823,0.0044365158198599215,0.0768497532441299,-0.18263101864157477,-0.026081705915446094,0.052887037046115845,0.07151004905424632
0.038356164383561646,0.005172733583887277,0.11125277402216735,-0.09105728628575688,-0.012241133510122518,0.14063625512956499,0.016919996790854798
0.07671232876712329,0.026341383342344607,0.13305289725354216,-0.44237803730219616,-0.08916799704506784,0.14619085657907815,0.0250293560706302
0.15342465753424658,0.012390919856955842,0.22060633293441417,-0.20793871142110823,0.020419444555238146,0.32546192970304594,0.029228892233763515
0.40273972602739727,0.07383531279624912,0.25043098349912135,-0.3345050607405328,-0.13678872799920205,0.7053160961843223,0.010177359013600807
0.6520547945205479,0.17988495612576375,0.2936862333796589,-0.4502354355583204,-0.31463629575724117,0.833998026627317,0.006349169712439252
