ttm,a,b,rho,m,sigma,penalty
0.0027397260273972603,0.0008974416247220134,0.0223813710063195,0.08244049380889142,0.0018760259701248838,0.010000000000070288,0.05475197789073283
0.0136986301369863,0.0031368058585614826,0.06656356106184387,-0.1893593602246111,-0.019822353212231067,0.029533973604548413,0.10823763186819302
0.03287671232876712,0.005930161264394207,0.10017873688655834,-0.1869824666247176,-0.02011691725462435,0.09944038991084217,0.02280220628348128
0.07123287671232877,0.022562919678104195,0.12695498308456563,-0.4394710322891613,-0.07670743811984916,0.11915828659795641,0.022828789488944005
0.14794520547945206,0.01546041866257895,0.22670403388054852,-0.22159692146441745,0.013744656242722846,0.2874410541930909,0.028625480677177427
0.3972602739726027,0.05813947639644505,0.27936890142751136,-0.2765838751451697,-0.07314132995131624,0.6733241107017247,0.010107680351429255
0.6465753424657534,0.10295810110753915,0.3203435608562083,-0.2958745482909371,-0.14309326854928625,0.9894020112778007,0.0052662700077487756
