ttm,a,b,rho,m,sigma,penalty
0.0027397260273972603,0.0006976761684594917,0.019066306648545663,-0.06939079399635487,0.00740295311453091,0.01,0.05065862736715087
0.01643835616438356,0.0011759694143166626,0.0692043252731612,-0.1346601974578232,0.0046623813660661454,0.07493135325419575,0.045062342867359585
0.03561643835616438,0.00521084433681825,0.09578289535475835,-0.07649042417286293,0.0367836820441244,0.10142331219031238,0.009956128849345389
0.09315068493150686,0.029326093901405597,0.15336639537315286,0.041184736074701016,0.11141609819189163,0.11017311218791427,0.040900886084741385
0.3424657534246575,0.0479451968493236,0.30533468280363385,-0.1129520665143689,0.09098835291431227,0.580222236976122,0.01081015035079055
0.5917808219178082,0.0580319489039464,0.42161875224547884,-0.1492808272717363,0.07139086565260738,0.8669265218773485,0.004965132400073775
