ttm,a,b,rho,m,sigma,penalty
0.0027397260273972603,0.0005482529268379595,0.02195950086031153,0.017482626639627147,0.018951539689849996,0.015703088701352383,0.04637251860210479
0.0136986301369863,0.00190509641303293,0.059393017644493916,-0.1753310456044265,0.02664889477194752,0.0688806702247315,0.034632446100194496
0.03287671232876712,0.00882234822337253,0.10492813571955006,-0.07883693702653591,0.06709771316795282,0.07518158044501651,0.12993560473063612
0.12876712328767123,0.01054503623805327,0.21405665110401917,-0.2876627784031476,0.03098092981285415,0.41947920225528085,0.013323467448593949
0.2054794520547945,0.017213379872726847,0.27229976815250495,-0.2770015875322967,0.03809635080086431,0.5920710201726,0.0195665110463368
0.4547945205479452,0.1384608926148185,0.2760601320907598,-0.23119836414192385,0.09048282244520384,1.0,0.008972733498622017
0.7041095890410959,0.47009579017825326,0.1716637829669199,-0.11219236788490988,0.13114072406254604,0.9490331907891221,0.014896007210492505
