ttm,a,b,rho,m,sigma,penalty
0.0027397260273972603,0.0006983438984476551,0.02990048110851554,-0.24600718977263258,-0.009429242533324573,0.024961066988557393,0.061048022224273926
0.00821917808219178,0.0012551310004947033,0.06255768371610354,-0.10886190342166785,-0.0007466707028829396,0.053907470323415925,0.043289900363399414
0.0273972602739726,0.004318735916942342,0.11579021490111498,-0.17357560807120428,0.011225758254652564,0.0907773166214393,0.02378186053479302
0.10410958904109589,0.048180451851425526,0.18709281672449216,-0.004087112654137651,0.1309963211130535,0.0984404128371545,0.05972349137676301
0.35342465753424657,0.10631748025773086,0.2997642786701524,-0.14555560054700895,0.07997752805385093,0.5234690829559419,0.010754764959761349
0.6027397260273972,0.052657005243767825,0.43134703347344217,-0.14819672119432245,0.05067033972856546,0.9631220656332341,0.005000711671336202
