ttm,a,b,rho,m,sigma,penalty
0.0027397260273972603,0.00028622594034318654,0.031196476171748897,-0.19598145358189084,0.0016569318623665262,0.03235587501193228,0.06262264203737127
0.005479452054794521,0.002340952566455363,0.03827577270040423,-0.4999999999999523,-0.0192952049163981,0.018211945907047375,0.13026703608442602
0.024657534246575342,0.0048270646068111055,0.09773973215453219,-0.119456903442655,0.03456090307044399,0.07974518019901702,0.017165104806073986
0.043835616438356165,0.010668351319843434,0.13302268794131758,-0.10275058943187527,0.059518466380436265,0.10353465924144627,0.01687738633860308
0.12054794520547946,0.03354030853378421,0.21425480380315456,-0.02677990943608155,0.10857990709535142,0.18211411702772276,0.026199095702988746
0.3698630136986301,0.03912145745550982,0.30141913459287545,-0.09710682014812452,0.07539478532633272,0.6797427273240002,0.00847597065040485
0.6191780821917808,0.06207770592214644,0.3620213056094819,-0.06516653175854442,0.09820687918685211,0.9722682189581701,0.009531686270209717
