ttm,a,b,rho,m,sigma,penalty
0.0027397260273972603,0.00025813526839009004,0.015218330866713385,0.2934693535332173,0.0047572359637328135,0.016348121479302917,0.011067378257576137
0.0136986301369863,0.0013599480660282052,0.03387612605455329,0.2256338395863529,0.02237321480824955,0.047344668326065535,0.022198701318118217
0.03287671232876712,0.0024793381509599383,0.046406539572839266,-0.12341634137824133,-0.03452145754833068,0.11886379529039891,0.012426445249055177
0.09041095890410959,0.004090315094298082,0.11547840995111987,0.06557159825039295,-0.01090995939272863,0.2030846179272524,0.020724109898564807
0.33972602739726027,0.05660784755948685,0.1691612634990109,-0.1839801540719494,-0.2324414291448377,0.4306383873626053,0.012121668661921105
0.589041095890411,0.11152046620848435,0.1870057008799605,-0.25836011109522655,-0.41487340609640894,0.682385775480725,0.0042015764141576815
