ttm,a,b,rho,m,sigma,penalty
0.0027397260273972603,0.000294629529513803,0.012339727856790137,-0.4999999999999712,0.007641826747359418,0.010000000000003081,0.049155815608861335
0.01643835616438356,0.004569410812534801,0.03422338572147062,-0.39931620139627694,0.03188499606864592,0.01,0.23000394971866353
0.03561643835616438,0.0020408572249422455,0.08664366842713483,-0.20403096232812973,0.006535073170236578,0.07999200921966264,0.01535838772370032
0.11232876712328767,0.010095569162406027,0.1553087295735194,-0.09362157004800235,0.036481724829489276,0.18610401140407792,0.012132826813671947
0.26575342465753427,0.023472220850035832,0.24360186685032667,-0.13457745291147097,0.014860158658115945,0.4028379756529496,0.02039584166372417
0.5150684931506849,0.09894851953880444,0.31963421406104503,-0.2718324801507981,-0.1407008415873818,0.5708085577666603,0.008218490305021605
