,count,mean,std,min,25%,50%,75%,max
BLACK_SCHOLES,99831.0,-0.08854381795608782,0.597037670588329,-12.766676268355575,-0.15844912858509663,-0.03395690146831034,0.052546230513681916,10.433412632989619
HESTON,99831.0,-0.10124041368960539,0.615068450874233,-14.381322078775936,-0.16392722375627944,-0.06643062875647363,0.03410406650809027,12.46735712421166
SVJ,99831.0,-0.11512393778039487,0.6327775228875651,-12.65272413880659,-0.20185574275046964,-0.10562931683889418,0.018753016050288517,10.489458643255533
SVCJ,99831.0,-0.11260884957866038,0.66333174151949,-12.553896021139483,-0.18520087792953754,-0.0854843087495769,0.033409726291424816,21.88104173988128
MERTON,99831.0,-0.12862196718351637,0.6486966955067647,-12.651291174935528,-0.22415409285021531,-0.11485397074394632,0.021448332783738464,10.424351886904189
